snp-dists 0.6.3,152,154,155,156,159,160,161,162,165,166,169,172,173,175,183,186,189,192,199,200,211,212,213,216,217,222,224,225,227,230,233,241,243,246,250,251,255,259,278,310,43,44,45,46,572,671,672,674,677,678,681,682,683,685,689,CABIZU01,CACD01,CP011612,CP011657,CP016952,CP020448,CP022049,CP024672,CP024673,CP024677,CP024679,CP024680,CP024683,CP024819,CP024881,CP024898,CP026045,CP026056,CP026231,CP026235,CP026238,CP026677,CP027849,CP036435,CP042478,CP042517,CP042524,CP042534,DB_3_C10,DB_3_C11,DB_3_C12,DB_3_C9,DB_3_D1,DB_3_D2,DB_3_F10,DB_5_F12,GCF_014332835,GCF_014332855,GCF_014332945,JRHL01000001,JRST01,JYFY02000001,JYFZ02000001,LR699006,LRPR01,NZ_LR890181,SD_5_A12,SD_5_D4,SD_9_B7,SD_9_C7
152,0,1,56243,356,56800,40389,7429,56799,56727,56797,56666,40625,7415,7087,40563,7415,350,40389,56798,7640,56799,337,56812,56800,56804,40287,56798,6585,10304,6798,10297,9901,12,56800,7355,56760,350,7642,350,353,7969,40266,7969,7450,56426,56807,56800,56794,56798,6585,6585,6585,6609,6586,6584,7339,55911,7420,7382,303,54656,56725,7840,10199,6793,7889,7807,9635,54478,9654,40542,54660,9639,7433,56787,40385,40520,10026,7425,6999,6997,7966,7964,6591,6589,6592,6583,6428,6593,6490,6596,58516,58541,58204,56730,7575,6120,7612,54519,7973,6968,52884,8008,56728,7970
154,1,0,56242,355,56799,40388,7428,56798,56726,56796,56665,40624,7414,7087,40562,7414,349,40388,56797,7640,56798,336,56811,56799,56803,40286,56797,6584,10303,6797,10296,9900,11,56799,7354,56759,349,7642,349,352,7969,40265,7969,7450,56425,56806,56799,56793,56797,6584,6584,6584,6608,6585,6583,7338,55910,7419,7381,302,54655,56724,7839,10198,6792,7889,7806,9634,54477,9653,40541,54659,9638,7432,56786,40384,40519,10025,7424,6998,6996,7966,7964,6590,6588,6591,6582,6427,6592,6489,6595,58516,58541,58204,56729,7574,6119,7611,54518,7972,6967,52883,8007,56727,7970
155,56243,56242,0,56259,164,55279,56385,31,32,31,7501,55503,56481,56342,55060,56483,56255,55279,30,56223,31,56065,20,162,40,55192,30,56267,56397,56195,56362,56162,56244,167,56399,5,56255,56450,56255,56243,56542,55169,56542,54176,7279,39,6640,6636,6640,56297,56297,56297,56051,56298,56296,56398,6231,56370,56103,56231,47755,5943,55659,56361,56069,56523,56435,56029,47653,56192,55254,47800,56150,56412,42,55279,55207,55665,56379,56332,56330,56542,56541,56306,56305,56278,56139,55071,56308,54569,56312,59679,59696,59315,6535,56401,48242,56343,47685,56408,55495,6103,56506,6293,56542
156,356,355,56259,0,56814,40535,7257,56816,56744,56814,56675,40786,7243,6877,40733,7243,6,40535,56815,7457,56816,366,56829,56814,56821,40432,56815,6417,10150,6642,10143,9734,358,56814,7162,56777,12,7488,6,77,7785,40413,7785,7289,56441,56824,56815,56809,56813,6417,6417,6417,6444,6418,6416,7180,55924,7248,7209,301,54663,56741,7710,10042,6637,7711,7653,9476,54484,9495,40674,54661,9480,7275,56804,40531,40652,9872,7253,6849,6847,7782,7780,6423,6421,6424,6415,6262,6425,6307,6428,58505,58530,58185,56738,7411,6126,7442,54520,7841,6820,52893,7829,56741,7786
159,56800,56799,164,56814,0,55836,56946,182,177,182,7575,56042,57047,56896,55611,57049,56810,55836,181,56790,182,56623,171,2,181,55749,181,56871,56968,56759,56931,56720,56801,13,56960,164,56810,57008,56810,56798,57119,55726,57119,54757,7348,180,6714,6710,6714,56901,56901,56901,56657,56902,56900,56955,6286,56933,56666,56791,48267,6003,56237,56907,56633,57079,56993,56587,48164,56751,55791,48322,56708,56975,183,55837,55744,56211,56940,56889,56887,57118,57117,56910,56909,56882,56743,55674,56912,55164,56916,60312,60329,59948,6615,56967,48811,56901,48206,56986,56050,6198,57063,6350,57118
160,40389,40388,55279,40535,55836,0,40574,55857,55780,55855,55770,9776,40731,40508,11885,40731,40529,0,55856,40395,55857,40296,55845,55834,55843,5,55856,40483,40466,40422,40443,40334,40391,55832,40482,55790,40529,40557,40529,40520,40714,76,40714,38863,55472,55846,55918,55913,55916,40514,40514,40514,40352,40515,40513,40636,55009,40565,40350,40461,52728,55819,40265,40354,40309,40683,40648,40221,52555,40326,9388,52795,40275,40683,55846,34,9386,39752,40569,40463,40461,40711,40710,40521,40519,40505,40381,39668,40521,39182,40526,66808,66835,66425,55789,40634,34876,40623,52681,40835,39967,51974,40721,55860,40714
161,7429,7428,56385,7257,56946,40574,0,56963,56897,56961,56813,40839,7020,7509,40751,7020,7251,40574,56962,7586,56963,7366,56961,56946,56953,40473,56962,7202,10281,7331,10271,9801,7431,56946,6964,56908,7252,7399,7251,7233,7623,40462,7623,7432,56557,56956,56926,56920,56924,7203,7203,7203,7220,7204,7202,6911,56073,47,49,7350,54839,56868,7495,10258,7331,7772,7685,9521,54637,9545,40712,54863,9531,7036,56948,40570,40691,10074,52,7132,7130,7619,7618,7211,7209,7209,7158,7078,7212,6868,7216,58639,58664,58268,56871,7379,46,7434,54723,7596,7053,52981,7655,56895,7624
162,56799,56798,31,56816,182,55857,56963,0,26,2,7581,56068,57062,56920,55633,57064,56812,55857,1,56811,2,56637,37,180,59,55770,1,56885,56995,56771,56958,56735,56800,185,56974,30,56812,57028,56812,56815,57145,55740,57145,54771,7358,58,6742,6738,6742,56915,56915,56915,56671,56916,56914,56969,6301,56950,56683,56802,48272,6027,56255,56935,56645,57101,57016,56600,48178,56764,55813,48328,56721,56985,38,55858,55766,56229,56957,56903,56901,57144,57143,56924,56923,56896,56757,55689,56926,55177,56930,60332,60349,59965,6601,56992,48817,56930,48212,57004,56062,6193,57079,6387,57144
165,56727,56726,32,56744,177,55780,56897,26,0,26,7569,55995,56994,56854,55559,56996,56740,55780,25,56746,26,56564,40,175,52,55693,25,56812,56928,56704,56892,56666,56728,180,56911,31,56740,56962,56740,56742,57078,55662,57078,54701,7347,51,6734,6730,6734,56842,56842,56842,56598,56843,56841,56903,6292,56884,56617,56728,48204,6018,56189,56868,56578,57033,56949,56531,48107,56695,55742,48260,56652,56920,32,55781,55695,56161,56891,56831,56829,57077,57076,56851,56850,56823,56684,55615,56853,55112,56857,60269,60286,59903,6592,56925,48755,56863,48145,56938,55990,6179,57015,6377,57077
166,56797,56796,31,56814,182,55855,56961,2,26,0,7581,56066,57060,56918,55631,57062,56810,55855,1,56809,2,56635,37,180,59,55768,1,56883,56993,56769,56956,56733,56798,185,56972,30,56810,57026,56810,56813,57143,55738,57143,54769,7358,58,6742,6738,6742,56913,56913,56913,56669,56914,56912,56967,6301,56948,56681,56800,48270,6027,56252,56935,56643,57099,57014,56598,48176,56762,55811,48326,56719,56983,38,55856,55764,56227,56955,56901,56899,57142,57141,56922,56921,56894,56755,55687,56924,55175,56928,60332,60349,59965,6601,56990,48815,56928,48211,57002,56062,6193,57077,6387,57142
169,56666,56665,7501,56675,7575,55770,56813,7581,7569,7581,0,55990,56903,56788,55602,56903,56671,55770,7580,56673,7581,56481,7583,7573,7577,55682,7580,56756,56848,56630,56808,56641,56666,7578,56859,7564,56671,56911,56671,56654,57002,55639,57002,54633,7283,7578,7631,7627,7631,56782,56782,56782,56545,56783,56781,56805,7558,56800,56524,56650,48191,7569,56093,56797,56496,56964,56873,56450,48093,56618,55761,48214,56577,56832,7568,55771,55713,56067,56806,56779,56777,57000,56999,56791,56790,56764,56629,55572,56793,54993,56797,60240,60259,59916,7473,56833,48692,56804,48094,56839,55926,7152,56963,7624,57001
172,40625,40624,55503,40786,56042,9776,40839,56068,55995,56066,55990,0,41007,40828,11801,41007,40780,9776,56067,40672,56068,40533,56056,56040,56054,9764,56067,40702,40747,40665,40725,40616,40627,56040,40740,56001,40780,40900,40780,40771,41051,9781,41051,39069,55710,56057,56155,56150,56153,40733,40733,40733,40558,40734,40732,40901,55251,40830,40606,40690,52716,56079,40579,40632,40549,40958,40923,40496,52542,40600,9783,52802,40545,40960,56057,9776,9780,40033,40834,40698,40696,41050,41049,40738,40736,40718,40593,39891,40738,39472,40743,66882,66908,66473,55991,40902,35009,40980,52688,41141,40211,52211,40931,56070,41053
173,7415,7414,56481,7243,57047,40731,7020,57062,56994,57060,56903,41007,0,7715,40950,4,7237,40731,57061,7954,57062,7373,57060,57047,57050,40631,57061,7381,10624,7187,10616,10118,7417,57047,7490,57008,7238,7696,7237,7217,8019,40609,8019,7520,56671,57053,57046,57040,57044,7381,7381,7381,7437,7382,7380,6360,56147,7012,6977,7335,54840,56979,7699,10573,7173,7948,7789,9670,54668,9708,40870,54891,9691,333,57047,40727,40851,10328,7017,7222,7220,8015,8014,7387,7385,7385,7336,7231,7389,7031,7392,58630,58651,58295,56939,7572,5929,7625,54713,7813,7199,53106,7610,56975,8020
175,7087,7087,56342,6877,56896,40508,7509,56920,56854,56918,56788,40828,7715,0,40686,7715,6871,40508,56919,6602,56920,7041,56912,56896,56906,40405,56919,7630,11112,7692,11105,10688,7090,56896,7391,56862,6871,762,6871,6864,6683,40402,6683,7600,56536,56909,56896,56890,56894,7631,7631,7631,7648,7632,7630,7854,56020,7500,7445,7024,54715,56833,8089,11017,7676,6692,6763,10413,54531,10430,40623,54729,10418,7750,56907,40504,40602,10856,7505,7463,7461,6680,6678,7638,7636,7633,7588,7458,7640,7325,7643,58519,58543,58189,56820,6522,6386,6658,54584,8227,7392,52990,8031,56855,6684
183,40563,40562,55060,40733,55611,11885,40751,55633,55559,55631,55602,11801,40950,40686,0,40950,40729,11885,55632,40593,55633,40460,55622,55609,55619,11870,55632,40640,40570,40608,40547,40491,40565,55609,40644,55568,40729,40764,40729,40721,40866,11877,40866,39006,55296,55622,55720,55715,55718,40668,40668,40668,40508,40669,40667,40790,54812,40744,40520,40671,52361,55651,40407,40536,40492,40858,40841,40362,52191,40468,11498,52458,40409,40911,55622,11885,11492,39926,40748,40600,40598,40863,40862,40673,40671,40654,40531,39832,40673,39400,40678,66516,66541,66154,55573,40738,34934,40850,52340,40977,40107,51737,40857,55661,40866
186,7415,7414,56483,7243,57049,40731,7020,57064,56996,57062,56903,41007,4,7715,40950,0,7237,40731,57063,7954,57064,7373,57062,57049,57052,40631,57063,7381,10624,7187,10616,10118,7417,57049,7490,57010,7238,7696,7237,7217,8019,40609,8019,7520,56671,57055,57046,57040,57044,7381,7381,7381,7437,7382,7380,6360,56147,7012,6977,7335,54840,56979,7699,10574,7173,7948,7789,9670,54668,9708,40870,54891,9691,333,57049,40727,40851,10328,7017,7222,7220,8015,8014,7387,7385,7385,7336,7232,7389,7031,7392,58630,58651,58295,56941,7572,5929,7625,54713,7813,7199,53108,7610,56977,8020
189,350,349,56255,6,56810,40529,7251,56812,56740,56810,56671,40780,7237,6871,40729,7237,0,40529,56811,7451,56812,360,56825,56810,56817,40426,56811,6411,10144,6636,10137,9728,352,56810,7156,56773,6,7482,0,71,7779,40407,7779,7286,56437,56820,56811,56805,56809,6411,6411,6411,6438,6412,6410,7174,55920,7242,7203,295,54657,56737,7704,10036,6631,7705,7647,9470,54478,9489,40668,54655,9474,7269,56800,40525,40646,9866,7247,6843,6841,7776,7774,6417,6415,6418,6409,6256,6419,6301,6422,58501,58526,58181,56734,7405,6120,7436,54514,7835,6814,52889,7823,56737,7780
192,40389,40388,55279,40535,55836,0,40574,55857,55780,55855,55770,9776,40731,40508,11885,40731,40529,0,55856,40395,55857,40296,55845,55834,55843,5,55856,40483,40466,40422,40443,40334,40391,55832,40482,55790,40529,40557,40529,40520,40714,76,40714,38863,55472,55846,55918,55913,55916,40514,40514,40514,40352,40515,40513,40636,55009,40565,40350,40461,52728,55819,40265,40354,40309,40683,40648,40221,52555,40326,9388,52795,40275,40683,55846,34,9386,39752,40569,40463,40461,40711,40710,40521,40519,40505,40381,39668,40521,39182,40526,66808,66835,66425,55789,40634,34876,40623,52681,40835,39967,51974,40721,55860,40714
199,56798,56797,30,56815,181,55856,56962,1,25,1,7580,56067,57061,56919,55632,57063,56811,55856,0,56810,1,56636,36,179,58,55769,0,56884,56994,56770,56957,56734,56799,184,56973,29,56811,57027,56811,56814,57144,55739,57144,54770,7357,57,6741,6737,6741,56914,56914,56914,56670,56915,56913,56968,6300,56949,56682,56801,48271,6026,56254,56934,56644,57100,57015,56599,48177,56763,55812,48327,56720,56984,37,55857,55765,56228,56956,56902,56900,57143,57142,56923,56922,56895,56756,55688,56925,55176,56929,60332,60349,59965,6600,56991,48816,56929,48212,57003,56061,6192,57078,6386,57143
200,7640,7640,56223,7457,56790,40395,7586,56811,56746,56809,56673,40672,7954,6602,40593,7954,7451,40395,56810,0,56811,7608,56803,56790,56796,40294,56810,7744,10958,7886,10950,10667,7643,56790,7552,56751,7451,6574,7451,7444,6892,40286,6892,7725,56413,56799,56828,56822,56826,7744,7744,7744,7756,7745,7743,7695,55927,7575,7537,7582,54555,56728,7974,10830,7864,6771,6866,10401,54372,10417,40580,54555,10407,7966,56798,40392,40560,10662,7582,7471,7469,6889,6887,7750,7748,7749,7703,7571,7752,7420,7755,58446,58470,58115,56711,6415,6537,6715,54414,8142,7441,52841,8073,56718,6892
211,56799,56798,31,56816,182,55857,56963,2,26,2,7581,56068,57062,56920,55633,57064,56812,55857,1,56811,0,56637,37,180,59,55770,1,56885,56995,56771,56958,56735,56800,185,56974,30,56812,57028,56812,56815,57145,55740,57145,54771,7358,58,6742,6738,6742,56915,56915,56915,56671,56916,56914,56969,6301,56950,56683,56802,48272,6027,56255,56935,56645,57101,57016,56600,48178,56764,55813,48328,56721,56985,38,55858,55766,56228,56957,56903,56901,57144,57143,56924,56923,56896,56757,55689,56926,55177,56930,60333,60350,59966,6601,56992,48817,56930,48213,57004,56062,6193,57079,6387,57144
212,337,336,56065,366,56623,40296,7366,56637,56564,56635,56481,40533,7373,7041,40460,7373,360,40296,56636,7608,56637,0,56635,56623,56627,40194,56636,6516,10250,6767,10243,9831,339,56623,7284,56583,360,7588,360,339,7925,40172,7925,7377,56247,56630,56625,56619,56623,6519,6519,6519,6544,6520,6518,7320,55738,7357,7317,284,54519,56554,7798,10139,6761,7840,7772,9557,54352,9560,40449,54525,9561,7398,56622,40292,40427,9978,7362,6935,6933,7922,7920,6525,6523,6526,6517,6364,6527,6432,6530,58283,58308,57969,56547,7551,6138,7571,54384,7927,6902,52700,7926,56548,7925
213,56812,56811,20,56829,171,55845,56961,37,40,37,7583,56056,57060,56912,55622,57062,56825,55845,36,56803,37,56635,0,169,48,55758,36,56883,56981,56769,56944,56733,56813,174,56972,19,56825,57020,56825,56813,57137,55735,57137,54768,7362,47,6731,6727,6731,56913,56913,56913,56669,56914,56912,56967,6290,56948,56681,56800,48273,6016,56255,56923,56643,57090,57005,56598,48171,56762,55801,48330,56719,56987,50,55846,55754,56227,56955,56901,56899,57136,57135,56922,56921,56894,56755,55687,56924,55176,56928,60331,60348,59961,6605,56983,48817,56919,48215,57004,56062,6181,57077,6374,57136
216,56800,56799,162,56814,2,55834,56946,180,175,180,7573,56040,57047,56896,55609,57049,56810,55834,179,56790,180,56623,169,0,179,55747,179,56871,56968,56759,56931,56720,56801,11,56960,162,56810,57008,56810,56798,57119,55724,57119,54757,7346,178,6712,6708,6712,56901,56901,56901,56657,56902,56900,56955,6284,56933,56666,56791,48265,6001,56237,56907,56633,57079,56993,56587,48162,56751,55789,48320,56708,56975,181,55835,55742,56211,56940,56889,56887,57118,57117,56910,56909,56882,56743,55674,56912,55164,56916,60311,60328,59947,6613,56967,48811,56901,48204,56986,56050,6196,57063,6348,57118
217,56804,56803,40,56821,181,55843,56953,59,52,59,7577,56054,57050,56906,55619,57052,56817,55843,58,56796,59,56627,48,179,0,55756,58,56877,56977,56763,56940,56727,56805,184,56964,39,56817,57014,56817,56805,57131,55733,57131,54763,7358,5,6725,6721,6725,56907,56907,56907,56663,56908,56906,56960,6287,56940,56673,56792,48270,6012,56247,56919,56637,57084,56999,56592,48167,56756,55799,48325,56713,56977,46,55844,55752,56222,56947,56895,56893,57130,57129,56916,56915,56888,56749,55681,56918,55167,56922,60326,60343,59956,6601,56977,48812,56913,48210,56996,56056,6176,57071,6374,57130
222,40287,40286,55192,40432,55749,5,40473,55770,55693,55768,55682,9764,40631,40405,11870,40631,40426,5,55769,40294,55770,40194,55758,55747,55756,0,55769,40383,40366,40323,40343,40232,40289,55745,40383,55703,40426,40455,40426,40418,40615,77,40615,38764,55386,55759,55829,55824,55827,40414,40414,40414,40252,40415,40413,40538,54924,40464,40249,40359,52640,55733,40165,40254,40210,40584,40546,40121,52468,40226,9384,52708,40175,40583,55759,35,9382,39652,40468,40364,40362,40612,40611,40421,40419,40405,40281,39568,40421,39082,40426,66703,66730,66321,55703,40534,34775,40522,52594,40735,39868,51889,40620,55774,40615
224,56798,56797,30,56815,181,55856,56962,1,25,1,7580,56067,57061,56919,55632,57063,56811,55856,0,56810,1,56636,36,179,58,55769,0,56884,56994,56770,56957,56734,56799,184,56973,29,56811,57027,56811,56814,57144,55739,57144,54770,7357,57,6741,6737,6741,56914,56914,56914,56670,56915,56913,56968,6300,56949,56682,56801,48271,6026,56254,56934,56644,57100,57015,56599,48177,56763,55812,48327,56720,56984,37,55857,55765,56228,56956,56902,56900,57143,57142,56923,56922,56895,56756,55688,56925,55176,56929,60332,60349,59965,6600,56991,48816,56929,48212,57003,56061,6192,57078,6386,57143
225,6585,6584,56267,6417,56871,40483,7202,56885,56812,56883,56756,40702,7381,7630,40640,7381,6411,40483,56884,7744,56885,6516,56883,56871,56877,40383,56884,0,10236,7131,10230,9798,6587,56871,7255,56832,6411,7749,6411,6392,7996,40358,7996,7234,56489,56880,56905,56899,56903,34,34,34,144,35,33,7254,56012,7193,7176,6506,54773,56783,7557,10129,7105,7880,7864,9626,54615,9657,40652,54809,9644,7404,56870,40479,40631,9970,7197,6604,6602,7992,7991,83,81,84,84,80,85,6984,88,58437,58461,58116,56768,7671,6180,7690,54667,7711,6640,52965,7616,56799,8001
227,10304,10303,56397,10150,56968,40466,10281,56995,56928,56993,56848,40747,10624,11112,40570,10624,10144,40466,56994,10958,56995,10250,56981,56968,56977,40366,56994,10236,0,10044,71,7926,10306,56967,10297,56933,10145,11148,10144,10136,10820,40358,10820,10057,56599,56980,56955,56949,56953,10237,10237,10237,10222,10238,10236,10197,56092,10273,10241,10228,54872,56882,10361,5650,10027,10997,11078,7867,54640,7880,40529,54901,7871,10600,56981,40462,40510,5611,10278,10257,10255,10817,10815,10244,10242,10242,10192,9990,10244,9687,10249,58807,58830,58517,56896,10972,8691,11004,54762,10552,10159,53005,10002,56858,10819
230,6798,6797,56195,6642,56759,40422,7331,56771,56704,56769,56630,40665,7187,7692,40608,7187,6636,40422,56770,7886,56771,6767,56769,56759,56763,40323,56770,7131,10044,0,10036,9691,6800,56759,7236,56719,6637,7785,6636,6616,7841,40301,7841,7573,56383,56766,56758,56752,56756,7132,7132,7132,7128,7133,7131,6999,55859,7322,7292,6706,54679,56679,7591,10059,55,7579,7606,9448,54527,9485,40553,54699,9470,7202,56756,40418,40534,9919,7327,6938,6936,7837,7836,7139,7137,7134,7105,7005,7141,6882,7144,58581,58604,58245,56634,7492,6192,7590,54556,7730,6921,52862,7550,56698,7842
233,10297,10296,56362,10143,56931,40443,10271,56958,56892,56956,56808,40725,10616,11105,40547,10616,10137,40443,56957,10950,56958,10243,56944,56931,56940,40343,56957,10230,71,10036,0,7921,10299,56930,10290,56896,10138,11141,10137,10129,10814,40335,10814,10051,56562,56943,56917,56911,56915,10231,10231,10231,10216,10232,10230,10191,56055,10263,10231,10221,54834,56845,10355,5643,10019,10987,11071,7859,54600,7872,40509,54866,7863,10592,56944,40439,40490,5604,10268,10248,10246,10811,10809,10238,10236,10236,10186,9983,10238,9680,10243,58759,58782,58469,56857,10964,8676,10996,54727,10545,10151,52962,9993,56821,10813
241,9901,9900,56162,9734,56720,40334,9801,56735,56666,56733,56641,40616,10118,10688,40491,10118,9728,40334,56734,10667,56735,9831,56733,56720,56727,40232,56734,9798,7926,9691,7921,0,9903,56720,9741,56681,9728,10726,9728,9710,10581,40214,10581,9674,56411,56730,56744,56738,56742,9798,9798,9798,9792,9799,9797,9904,55874,9793,9759,9808,54702,56673,10117,8018,9679,10625,10691,6110,54486,6130,40465,54706,6117,10085,56720,40330,40443,7870,9798,9844,9842,10578,10576,9805,9803,9803,9745,9572,9807,9242,9810,58494,58518,58147,56672,10641,8372,10553,54568,10295,9814,52843,9664,56644,10580
243,12,11,56244,358,56801,40391,7431,56800,56728,56798,56666,40627,7417,7090,40565,7417,352,40391,56799,7643,56800,339,56813,56801,56805,40289,56799,6587,10306,6800,10299,9903,0,56801,7357,56761,352,7645,352,355,7972,40269,7972,7453,56427,56808,56801,56795,56799,6587,6587,6587,6611,6588,6586,7341,55912,7422,7384,305,54657,56726,7842,10201,6795,7892,7809,9637,54479,9656,40544,54661,9641,7435,56788,40387,40522,10028,7427,7001,6999,7969,7967,6593,6591,6594,6585,6430,6595,6492,6598,58518,58543,58206,56731,7577,6120,7614,54520,7975,6970,52885,8010,56729,7973
246,56800,56799,167,56814,13,55832,56946,185,180,185,7578,56040,57047,56896,55609,57049,56810,55832,184,56790,185,56623,174,11,184,55745,184,56871,56967,56759,56930,56720,56801,0,56960,167,56810,57008,56810,56798,57119,55723,57119,54757,7351,183,6717,6713,6717,56901,56901,56901,56657,56902,56900,56955,6289,56933,56666,56791,48265,6006,56237,56906,56633,57079,56993,56587,48159,56751,55789,48319,56708,56975,186,55834,55742,56210,56940,56889,56887,57118,57117,56910,56909,56882,56743,55673,56912,55163,56916,60308,60325,59945,6618,56967,48810,56898,48203,56986,56050,6201,57063,6353,57118
250,7355,7354,56399,7162,56960,40482,6964,56974,56911,56972,56859,40740,7490,7391,40644,7490,7156,40482,56973,7552,56974,7284,56972,56960,56964,40383,56973,7255,10297,7236,10290,9741,7357,56960,0,56921,7156,7365,7156,7135,7739,40358,7739,7217,56571,56967,56991,56985,56989,7255,7255,7255,7249,7256,7254,6986,56060,6955,6930,7253,54817,56866,7705,10114,7216,7536,7701,9473,54639,9498,40643,54846,9484,7474,56959,40478,40621,9957,6959,7360,7358,7735,7734,7264,7262,7262,7253,7148,7266,6977,7269,58580,58603,58231,56891,7427,5948,7525,54704,7812,7248,53058,7505,56898,7738
251,56760,56759,5,56777,164,55790,56908,30,31,30,7564,56001,57008,56862,55568,57010,56773,55790,29,56751,30,56583,19,162,39,55703,29,56832,56933,56719,56896,56681,56761,167,56921,0,56773,56970,56773,56761,57087,55680,57087,54717,7346,38,6715,6711,6715,56862,56862,56862,56618,56863,56861,56917,6277,56895,56628,56748,48226,6004,56202,56874,56593,57040,56953,56547,48124,56711,55747,48283,56668,56936,41,55791,55700,56180,56902,56849,56847,57086,57085,56871,56870,56843,56704,55636,56873,55124,56877,60263,60280,59892,6589,56932,48766,56864,48168,56951,56008,6167,57025,6363,57086
255,350,349,56255,12,56810,40529,7252,56812,56740,56810,56671,40780,7238,6871,40729,7238,6,40529,56811,7451,56812,360,56825,56810,56817,40426,56811,6411,10145,6637,10138,9728,352,56810,7156,56773,0,7482,6,71,7779,40407,7779,7288,56437,56820,56811,56805,56809,6411,6411,6411,6438,6412,6410,7175,55920,7243,7204,295,54657,56737,7705,10037,6632,7705,7648,9471,54478,9490,40668,54655,9475,7270,56800,40525,40646,9867,7248,6843,6841,7776,7774,6417,6415,6418,6409,6256,6419,6302,6422,58501,58526,58181,56734,7405,6120,7436,54514,7836,6814,52890,7824,56737,7780
259,7642,7642,56450,7488,57008,40557,7399,57028,56962,57026,56911,40900,7696,762,40764,7696,7482,40557,57027,6574,57028,7588,57020,57008,57014,40455,57027,7749,11148,7785,11141,10726,7645,57008,7365,56970,7482,0,7482,7475,6684,40449,6684,7639,56652,57017,57018,57012,57016,7749,7749,7749,7764,7750,7748,7834,56148,7390,7337,7575,54827,56950,8054,11022,7771,6616,6688,10366,54638,10383,40701,54833,10371,7716,57015,40553,40680,10861,7395,7481,7479,6681,6679,7756,7754,7751,7706,7577,7758,7364,7761,58587,58611,58271,56933,6493,6374,6618,54688,8193,7393,53109,8078,56977,6685
278,350,349,56255,6,56810,40529,7251,56812,56740,56810,56671,40780,7237,6871,40729,7237,0,40529,56811,7451,56812,360,56825,56810,56817,40426,56811,6411,10144,6636,10137,9728,352,56810,7156,56773,6,7482,0,71,7779,40407,7779,7286,56437,56820,56811,56805,56809,6411,6411,6411,6438,6412,6410,7174,55920,7242,7203,295,54657,56737,7704,10036,6631,7705,7647,9470,54478,9489,40668,54655,9474,7269,56800,40525,40646,9866,7247,6843,6841,7776,7774,6417,6415,6418,6409,6256,6419,6301,6422,58501,58526,58181,56734,7405,6120,7436,54514,7835,6814,52889,7823,56737,7780
310,353,352,56243,77,56798,40520,7233,56815,56742,56813,56654,40771,7217,6864,40721,7217,71,40520,56814,7444,56815,339,56813,56798,56805,40418,56814,6392,10136,6616,10129,9710,355,56798,7135,56761,71,7475,71,0,7772,40396,7772,7266,56424,56808,56799,56793,56797,6392,6392,6392,6419,6393,6391,7158,55907,7224,7185,274,54654,56725,7686,10026,6611,7698,7638,9450,54470,9469,40659,54645,9454,7252,56800,40516,40637,9858,7229,6822,6820,7769,7767,6398,6396,6399,6390,6237,6400,6283,6403,58496,58521,58169,56722,7396,6104,7428,54503,7817,6793,52878,7805,56724,7773
43,7969,7969,56542,7785,57119,40714,7623,57145,57078,57143,57002,41051,8019,6683,40866,8019,7779,40714,57144,6892,57145,7925,57137,57119,57131,40615,57144,7996,10820,7841,10814,10581,7972,57119,7739,57087,7779,6684,7779,7772,0,40616,0,7781,56752,57134,57147,57141,57145,7997,7997,7997,8025,7998,7996,7928,56225,7614,7581,7886,54996,57056,8128,10904,7838,6709,6836,10302,54832,10329,40842,55030,10320,8015,57132,40710,40821,10742,7619,7654,7652,39,37,8003,8001,8003,7957,7809,8005,7395,8008,58768,58791,58413,57035,6644,6522,6426,54886,8293,7503,53209,8154,57065,83
44,40266,40265,55169,40413,55726,76,40462,55740,55662,55738,55639,9781,40609,40402,11877,40609,40407,76,55739,40286,55740,40172,55735,55724,55733,77,55739,40358,40358,40301,40335,40214,40269,55723,40358,55680,40407,40449,40407,40396,40616,0,40616,38733,55356,55736,55801,55796,55799,40389,40389,40389,40223,40390,40388,40524,54894,40453,40237,40336,52605,55709,40144,40257,40186,40564,40540,40118,52439,40223,9373,52679,40172,40562,55727,76,9371,39644,40457,40334,40332,40613,40612,40394,40392,40378,40254,39541,40394,39058,40399,66674,66701,66281,55670,40522,34762,40521,52565,40714,39835,51859,40591,55745,40616
45,7969,7969,56542,7785,57119,40714,7623,57145,57078,57143,57002,41051,8019,6683,40866,8019,7779,40714,57144,6892,57145,7925,57137,57119,57131,40615,57144,7996,10820,7841,10814,10581,7972,57119,7739,57087,7779,6684,7779,7772,0,40616,0,7781,56752,57134,57147,57141,57145,7997,7997,7997,8025,7998,7996,7928,56225,7614,7581,7886,54996,57056,8128,10904,7838,6709,6836,10302,54832,10329,40842,55030,10320,8015,57132,40710,40821,10742,7619,7654,7652,39,37,8003,8001,8003,7957,7809,8005,7395,8008,58768,58791,58413,57035,6644,6522,6426,54886,8293,7503,53209,8154,57065,83
46,7450,7450,54176,7289,54757,38863,7432,54771,54701,54769,54633,39069,7520,7600,39006,7520,7286,38863,54770,7725,54771,7377,54768,54757,54763,38764,54770,7234,10057,7573,10051,9674,7453,54757,7217,54717,7288,7639,7286,7266,7781,38733,7781,0,54394,54766,54777,54771,54775,7234,7234,7234,7214,7234,7233,7310,53881,7426,7388,7364,52686,54720,7562,10126,7554,7440,7673,9348,52506,9372,38971,52711,9362,7529,54756,38858,38950,9953,7432,7314,7311,7775,7776,7240,7238,7235,7194,7043,7242,6984,7244,56559,56583,56230,54678,7642,6264,7744,52571,7707,7183,50857,7411,54688,7780
572,56426,56425,7279,56441,7348,55472,56557,7358,7347,7358,7283,55710,56671,56536,55296,56671,56437,55472,7357,56413,7358,56247,7362,7346,7358,55386,7357,56489,56599,56383,56562,56411,56427,7351,56571,7346,56437,56652,56437,56424,56752,55356,56752,54394,0,7357,7347,7343,7347,56515,56515,56515,56288,56516,56514,56542,7246,56544,56267,56423,47971,7298,55831,56554,56253,56716,56592,56213,47886,56393,55506,48011,56348,56602,7348,55475,55459,55833,56551,56523,56521,56751,56752,56525,56524,56501,56361,55315,56527,54770,56531,60013,60032,59649,7200,56593,48421,56529,47895,56581,55666,6942,56700,7248,56755
671,56807,56806,39,56824,180,55846,56956,58,51,58,7578,56057,57053,56909,55622,57055,56820,55846,57,56799,58,56630,47,178,5,55759,57,56880,56980,56766,56943,56730,56808,183,56967,38,56820,57017,56820,56808,57134,55736,57134,54766,7357,0,6726,6722,6726,56910,56910,56910,56666,56911,56909,56963,6286,56943,56676,56795,48273,6013,56250,56920,56640,57087,57002,56595,48170,56759,55802,48328,56716,56980,45,55847,55755,56224,56950,56898,56896,57133,57132,56919,56918,56891,56752,55684,56921,55170,56925,60325,60342,59955,6600,56980,48815,56916,48213,56999,56057,6178,57074,6373,57133
672,56800,56799,6640,56815,6714,55918,56926,6742,6734,6742,7631,56155,57046,56896,55720,57046,56811,55918,6741,56828,6742,56625,6731,6712,6725,55829,6741,56905,56955,56758,56917,56744,56801,6717,56991,6715,56811,57018,56811,56799,57147,55801,57147,54777,7347,6726,0,4,0,56930,56930,56930,56696,56931,56929,56949,6373,56913,56636,56790,48298,6417,56252,56933,56627,57076,56995,56608,48224,56780,55914,48355,56744,56979,6727,55919,55865,56229,56920,56916,56914,57146,57145,56938,56937,56909,56774,55718,56940,55171,56944,60274,60295,59914,6584,56965,48755,56911,48239,57002,56075,6210,57136,6421,57148
674,56794,56793,6636,56809,6710,55913,56920,6738,6730,6738,7627,56150,57040,56890,55715,57040,56805,55913,6737,56822,6738,56619,6727,6708,6721,55824,6737,56899,56949,56752,56911,56738,56795,6713,56985,6711,56805,57012,56805,56793,57141,55796,57141,54771,7343,6722,4,0,4,56924,56924,56924,56690,56925,56923,56943,6369,56907,56630,56784,48292,6413,56246,56929,56621,57070,56989,56602,48218,56774,55909,48349,56738,56973,6723,55914,55860,56223,56914,56910,56908,57140,57139,56932,56931,56903,56768,55712,56934,55165,56938,60270,60291,59910,6580,56959,48750,56905,48233,56996,56071,6206,57130,6417,57142
677,56798,56797,6640,56813,6714,55916,56924,6742,6734,6742,7631,56153,57044,56894,55718,57044,56809,55916,6741,56826,6742,56623,6731,6712,6725,55827,6741,56903,56953,56756,56915,56742,56799,6717,56989,6715,56809,57016,56809,56797,57145,55799,57145,54775,7347,6726,0,4,0,56928,56928,56928,56694,56929,56927,56947,6373,56911,56634,56788,48296,6417,56250,56933,56625,57074,56993,56606,48222,56778,55912,48353,56742,56977,6727,55917,55863,56227,56918,56914,56912,57144,57143,56936,56935,56907,56772,55716,56938,55169,56942,60274,60295,59914,6584,56963,48753,56909,48237,57000,56075,6210,57134,6421,57146
678,6585,6584,56297,6417,56901,40514,7203,56915,56842,56913,56782,40733,7381,7631,40668,7381,6411,40514,56914,7744,56915,6519,56913,56901,56907,40414,56914,34,10237,7132,10231,9798,6587,56901,7255,56862,6411,7749,6411,6392,7997,40389,7997,7234,56515,56910,56930,56924,56928,0,2,2,116,7,1,7253,56043,7194,7177,6506,54790,56811,7557,10130,7106,7880,7862,9626,54633,9657,40686,54826,9644,7405,56900,40510,40665,9970,7198,6603,6601,7993,7992,81,79,82,82,78,83,6985,86,58476,58500,58152,56795,7672,6176,7689,54684,7711,6641,52995,7617,56827,8002
681,6585,6584,56297,6417,56901,40514,7203,56915,56842,56913,56782,40733,7381,7631,40668,7381,6411,40514,56914,7744,56915,6519,56913,56901,56907,40414,56914,34,10237,7132,10231,9798,6587,56901,7255,56862,6411,7749,6411,6392,7997,40389,7997,7234,56515,56910,56930,56924,56928,2,0,2,116,7,1,7253,56043,7194,7177,6506,54790,56811,7557,10130,7106,7880,7862,9626,54633,9657,40686,54826,9644,7405,56900,40510,40665,9970,7198,6603,6601,7993,7992,81,79,82,82,78,83,6985,86,58476,58500,58152,56795,7672,6177,7689,54684,7711,6641,52994,7617,56827,8002
682,6585,6584,56297,6417,56901,40514,7203,56915,56842,56913,56782,40733,7381,7631,40668,7381,6411,40514,56914,7744,56915,6519,56913,56901,56907,40414,56914,34,10237,7132,10231,9798,6587,56901,7255,56862,6411,7749,6411,6392,7997,40389,7997,7234,56515,56910,56930,56924,56928,2,2,0,116,7,1,7253,56043,7194,7177,6506,54790,56811,7557,10130,7106,7880,7862,9626,54633,9657,40686,54826,9644,7405,56900,40510,40665,9970,7198,6603,6601,7993,7992,81,79,82,82,78,83,6985,86,58476,58500,58152,56795,7672,6177,7689,54684,7711,6641,52995,7617,56827,8002
683,6609,6608,56051,6444,56657,40352,7220,56671,56598,56669,56545,40558,7437,7648,40508,7437,6438,40352,56670,7756,56671,6544,56669,56657,56663,40252,56670,144,10222,7128,10216,9792,6611,56657,7249,56618,6438,7764,6438,6419,8025,40223,8025,7214,56288,56666,56696,56690,56694,116,116,116,0,115,115,7298,55809,7211,7194,6530,54545,56590,7602,10119,7102,7874,7877,9613,54385,9644,40523,54564,9631,7460,56656,40348,40499,9957,7215,6630,6628,8021,8020,191,189,192,192,188,192,6995,196,58205,58229,57881,56559,7693,6189,7703,54422,7757,6663,52747,7609,56598,8030
685,6586,6585,56298,6418,56902,40515,7204,56916,56843,56914,56783,40734,7382,7632,40669,7382,6412,40515,56915,7745,56916,6520,56914,56902,56908,40415,56915,35,10238,7133,10232,9799,6588,56902,7256,56863,6412,7750,6412,6393,7998,40390,7998,7234,56516,56911,56931,56925,56929,7,7,7,115,0,6,7254,56044,7195,7178,6507,54791,56812,7558,10131,7107,7881,7863,9627,54634,9658,40687,54829,9645,7406,56901,40511,40666,9971,7199,6604,6602,7994,7993,82,80,83,83,79,84,6986,87,58477,58501,58153,56796,7673,6180,7690,54687,7712,6642,52995,7618,56828,8003
689,6584,6583,56296,6416,56900,40513,7202,56914,56841,56912,56781,40732,7380,7630,40667,7380,6410,40513,56913,7743,56914,6518,56912,56900,56906,40413,56913,33,10236,7131,10230,9797,6586,56900,7254,56861,6410,7748,6410,6391,7996,40388,7996,7233,56514,56909,56929,56923,56927,1,1,1,115,6,0,7252,56042,7193,7176,6505,54789,56810,7556,10129,7105,7879,7861,9625,54632,9656,40685,54825,9643,7404,56899,40509,40664,9969,7197,6602,6600,7992,7991,80,78,81,81,77,82,6984,85,58475,58499,58151,56794,7671,6176,7688,54683,7710,6640,52994,7616,56826,8001
CABIZU01,7339,7338,56398,7180,56955,40636,6911,56969,56903,56967,56805,40901,6360,7854,40790,6360,7174,40636,56968,7695,56969,7320,56967,56955,56960,40538,56968,7254,10197,6999,10191,9904,7341,56955,6986,56917,7175,7834,7174,7158,7928,40524,7928,7310,56542,56963,56949,56943,56947,7253,7253,7253,7298,7254,7252,0,56073,6903,6878,7284,54769,56892,7202,10158,6985,7781,7772,9419,54602,9453,40768,54790,9441,6355,56956,40632,40746,9914,6906,7219,7217,7924,7923,7262,7260,7260,7213,7122,7264,7172,7267,58519,58540,58190,56865,7493,5867,7637,54649,7359,7067,53054,7550,56871,7929
CACD01,55911,55910,6231,55924,6286,55009,56073,6301,6292,6301,7558,55251,56147,56020,54812,56147,55920,55009,6300,55927,6301,55738,6290,6284,6287,54924,6300,56012,56092,55859,56055,55874,55912,6289,56060,6277,55920,56148,55920,55907,56225,54894,56225,53881,7246,6286,6373,6369,6373,56043,56043,56043,55809,56044,56042,56073,0,56060,55790,55901,47621,6216,55327,56011,55727,56189,56091,55714,47538,55884,55001,47689,55838,56080,6287,55010,54954,55299,56067,56028,56026,56223,56224,56050,56048,56023,55882,54812,56051,54294,56056,59379,59398,59044,6460,56069,47949,56058,47569,56092,55174,6220,56211,6297,56226
CP011612,7420,7419,56370,7248,56933,40565,47,56950,56884,56948,56800,40830,7012,7500,40744,7012,7242,40565,56949,7575,56950,7357,56948,56933,56940,40464,56949,7193,10273,7322,10263,9793,7422,56933,6955,56895,7243,7390,7242,7224,7614,40453,7614,7426,56544,56943,56913,56907,56911,7194,7194,7194,7211,7195,7193,6903,56060,0,3,7340,54828,56855,7486,10252,7322,7764,7674,9513,54627,9537,40703,54853,9523,7028,56935,40561,40682,10067,43,7123,7121,7610,7609,7202,7200,7200,7149,7069,7203,6859,7207,58632,58657,58259,56858,7368,21,7423,54713,7587,7045,52970,7644,56884,7615
CP011657,7382,7381,56103,7209,56666,40350,49,56683,56617,56681,56524,40606,6977,7445,40520,6977,7203,40350,56682,7537,56683,7317,56681,56666,56673,40249,56682,7176,10241,7292,10231,9759,7384,56666,6930,56628,7204,7337,7203,7185,7581,40237,7581,7388,56267,56676,56636,56630,56634,7177,7177,7177,7194,7178,7176,6878,55790,3,0,7301,54561,56579,7464,10221,7292,7719,7636,9475,54345,9499,40488,54575,9485,6993,56668,40346,40467,10036,45,7085,7083,7577,7576,7185,7183,7183,7132,7052,7186,6828,7190,58325,58350,57944,56580,7329,23,7381,54435,7565,7008,52701,7623,56619,7582
CP016952,303,302,56231,301,56791,40461,7350,56802,56728,56800,56650,40690,7335,7024,40671,7335,295,40461,56801,7582,56802,284,56800,56791,56792,40359,56801,6506,10228,6706,10221,9808,305,56791,7253,56748,295,7575,295,274,7886,40336,7886,7364,56423,56795,56790,56784,56788,6506,6506,6506,6530,6507,6505,7284,55901,7340,7301,0,54668,56716,7768,10122,6700,7815,7726,9535,54486,9554,40620,54664,9539,7346,56787,40457,40598,9953,7346,6907,6905,7883,7881,6512,6510,6513,6504,6351,6514,6383,6517,58510,58535,58187,56719,7516,6106,7550,54523,7898,6876,52872,7929,56724,7887
CP020448,54656,54655,47755,54663,48267,52728,54839,48272,48204,48270,48191,52716,54840,54715,52361,54840,54657,52728,48271,54555,48272,54519,48273,48265,48270,52640,48271,54773,54872,54679,54834,54702,54657,48265,54817,48226,54657,54827,54657,54654,54996,52605,54996,52686,47971,48273,48298,48292,48296,54790,54790,54790,54545,54791,54789,54769,47621,54828,54561,54668,0,48239,54217,54765,54517,54845,54920,54445,4969,54602,52439,5109,54563,54765,48262,52727,52395,54065,54833,54796,54794,54997,54995,54794,54793,54775,54628,53631,54796,53109,54800,62368,62391,62013,48235,54758,46915,54893,5100,54908,53994,44906,54911,48231,54994
CP022049,56725,56724,5943,56741,6003,55819,56868,6027,6018,6027,7569,56079,56979,56833,55651,56979,56737,55819,6026,56728,6027,56554,6016,6001,6012,55733,6026,56783,56882,56679,56845,56673,56726,6006,56866,6004,56737,56950,56737,56725,57056,55709,57056,54720,7298,6013,6417,6413,6417,56811,56811,56811,56590,56812,56810,56892,6216,56855,56579,56716,48239,0,56096,56805,56548,56996,56902,56509,48157,56675,55854,48314,56631,56908,6016,55820,55805,56097,56862,56821,56819,57057,57056,56817,56816,56790,56656,55589,56819,55077,56823,60368,60388,60012,6533,56889,48768,56833,48196,56863,55976,5364,57003,6344,57056
CP024672,7840,7839,55659,7710,56237,40265,7495,56255,56189,56252,56093,40579,7699,8089,40407,7699,7704,40265,56254,7974,56255,7798,56255,56237,56247,40165,56254,7557,10361,7591,10355,10117,7842,56237,7705,56202,7705,8054,7704,7686,8128,40144,8128,7562,55831,56250,56252,56246,56250,7557,7557,7557,7602,7558,7556,7202,55327,7486,7464,7768,54217,56096,0,10474,7567,8027,8077,9745,53953,9772,40374,54228,9756,7678,56241,40261,40352,10313,7491,7629,7627,8125,8123,7562,7560,7559,7518,7398,7564,7223,7567,57576,57598,57239,56135,7895,6492,8058,54087,18,7581,52309,7824,56155,8128
CP024673,10199,10198,56361,10042,56907,40354,10258,56935,56868,56935,56797,40632,10573,11017,40536,10574,10036,40354,56934,10830,56935,10139,56923,56907,56919,40254,56934,10129,5650,10059,5643,8018,10201,56906,10114,56874,10037,11022,10036,10026,10904,40257,10904,10126,56554,56920,56933,56929,56933,10130,10130,10130,10119,10131,10129,10158,56011,10252,10221,10122,54765,56805,10474,0,10048,10963,10934,7796,54580,7806,40449,54797,7798,10575,56923,40349,40430,95,10257,10128,10126,10901,10899,10135,10133,10134,10083,9903,10137,9712,10140,58643,58669,58314,56851,10801,8709,10914,54654,10667,10061,52954,10118,56806,10903
CP024677,6793,6792,56069,6637,56633,40309,7331,56645,56578,56643,56496,40549,7173,7676,40492,7173,6631,40309,56644,7864,56645,6761,56643,56633,56637,40210,56644,7105,10027,55,10019,9679,6795,56633,7216,56593,6632,7771,6631,6611,7838,40186,7838,7554,56253,56640,56627,56621,56625,7106,7106,7106,7102,7107,7105,6985,55727,7322,7292,6700,54517,56548,7567,10048,0,7562,7585,9420,54364,9456,40437,54536,9442,7184,56630,40305,40418,9907,7327,6935,6933,7834,7833,7111,7109,7106,7077,6977,7113,6869,7116,58424,58448,58086,56508,7471,6192,7588,54393,7707,6918,52730,7523,56566,7839
CP024679,7889,7889,56523,7711,57079,40683,7772,57101,57033,57099,56964,40958,7948,6692,40858,7948,7705,40683,57100,6771,57101,7840,57090,57079,57084,40584,57100,7880,10997,7579,10987,10625,7892,57079,7536,57040,7705,6616,7705,7698,6709,40564,6709,7440,56716,57087,57076,57070,57074,7880,7880,7880,7874,7881,7879,7781,56189,7764,7719,7815,54845,56996,8027,10963,7562,0,6752,10242,54687,10269,40821,54874,10258,7969,57087,40679,40799,10798,7769,7532,7530,6704,6703,7886,7884,7883,7839,7714,7888,7681,7891,58617,58641,58265,56995,6368,6638,6743,54732,8168,7441,53147,8010,57010,6708
CP024680,7807,7806,56435,7653,56993,40648,7685,57016,56949,57014,56873,40923,7789,6763,40841,7789,7647,40648,57015,6866,57016,7772,57005,56993,56999,40546,57015,7864,11078,7606,11071,10691,7809,56993,7701,56953,7648,6688,7647,7638,6836,40540,6836,7673,56592,57002,56995,56989,56993,7862,7862,7862,7877,7863,7861,7772,56091,7674,7636,7726,54920,56902,8077,10934,7585,6752,0,10444,54736,10462,40797,54941,10453,7774,57002,40644,40776,10762,7681,7647,7645,6833,6831,7868,7866,7868,7841,7682,7870,7497,7873,58555,58578,58230,56909,6352,6528,6424,54799,8204,7599,53075,7981,56902,6837
CP024683,9635,9634,56029,9476,56587,40221,9521,56600,56531,56598,56450,40496,9670,10413,40362,9670,9470,40221,56599,10401,56600,9557,56598,56587,56592,40121,56599,9626,7867,9448,7859,6110,9637,56587,9473,56547,9471,10366,9470,9450,10302,40118,10302,9348,56213,56595,56608,56602,56606,9626,9626,9626,9613,9627,9625,9419,55714,9513,9475,9535,54445,56509,9745,7796,9420,10242,10444,0,54229,44,40373,54445,19,9655,56585,40217,40352,7617,9518,9529,9527,10297,10296,9629,9627,9628,9569,9382,9631,8957,9634,58304,58329,57972,56504,10240,8073,10182,54301,9946,9477,52673,9355,56495,10301
CP024819,54478,54477,47653,54484,48164,52555,54637,48178,48107,48176,48093,52542,54668,54531,52191,54668,54478,52555,48177,54372,48178,54352,48171,48162,48167,52468,48177,54615,54640,54527,54600,54486,54479,48159,54639,48124,54478,54638,54478,54470,54832,52439,54832,52506,47886,48170,48224,48218,48222,54633,54633,54633,54385,54634,54632,54602,47538,54627,54345,54486,4969,48157,53953,54580,54364,54687,54736,54229,0,54388,52280,5212,54347,54588,48166,52554,52233,53888,54630,54627,54625,54835,54833,54638,54637,54619,54472,53476,54640,52953,54644,62132,62155,61773,48139,54575,46697,54729,5197,54655,53833,44812,54741,48158,54834
CP024881,9654,9653,56192,9495,56751,40326,9545,56764,56695,56762,56618,40600,9708,10430,40468,9708,9489,40326,56763,10417,56764,9560,56762,56751,56756,40226,56763,9657,7880,9485,7872,6130,9656,56751,9498,56711,9490,10383,9489,9469,10329,40223,10329,9372,56393,56759,56780,56774,56778,9657,9657,9657,9644,9658,9656,9453,55884,9537,9499,9554,54602,56675,9772,7806,9456,10269,10462,44,54388,0,40480,54605,35,9691,56749,40322,40459,7627,9542,9546,9544,10324,10323,9660,9658,9659,9600,9414,9662,8982,9665,58511,58536,58181,56673,10264,8099,10203,54461,9973,9492,52844,9373,56659,10328
CP024898,40542,40541,55254,40674,55791,9388,40712,55813,55742,55811,55761,9783,40870,40623,11498,40870,40668,9388,55812,40580,55813,40449,55801,55789,55799,9384,55812,40652,40529,40553,40509,40465,40544,55789,40643,55747,40668,40701,40668,40659,40842,9373,40842,38971,55506,55802,55914,55909,55912,40686,40686,40686,40523,40687,40685,40768,55001,40703,40488,40620,52439,55854,40374,40449,40437,40821,40797,40373,52280,40480,0,52523,40428,40827,55802,9388,0,39859,40707,40595,40593,40839,40838,40692,40691,40677,40552,39836,40693,39358,40698,66729,66756,66369,55767,40747,34885,40817,52407,40949,40086,51987,40800,55857,40842
CP026045,54660,54659,47800,54661,48322,52795,54863,48328,48260,48326,48214,52802,54891,54729,52458,54891,54655,52795,48327,54555,48328,54525,48330,48320,48325,52708,48327,54809,54901,54699,54866,54706,54661,48319,54846,48283,54655,54833,54655,54645,55030,52679,55030,52711,48011,48328,48355,48349,48353,54826,54826,54826,54564,54829,54825,54790,47689,54853,54575,54664,5109,48314,54228,54797,54536,54874,54941,54445,5212,54605,52523,0,54562,54813,48318,52794,52478,54095,54858,54799,54797,55031,55029,54832,54831,54813,54666,53681,54832,53135,54838,62422,62443,62074,48272,54788,46956,54917,0,54929,53991,44951,54950,48309,55028
CP026056,9639,9638,56150,9480,56708,40275,9531,56721,56652,56719,56577,40545,9691,10418,40409,9691,9474,40275,56720,10407,56721,9561,56719,56708,56713,40175,56720,9644,7871,9470,7863,6117,9641,56708,9484,56668,9475,10371,9474,9454,10320,40172,10320,9362,56348,56716,56744,56738,56742,9644,9644,9644,9631,9645,9643,9441,55838,9523,9485,9539,54563,56631,9756,7798,9442,10258,10453,19,54347,35,40428,54562,0,9674,56706,40271,40407,7620,9528,9536,9534,10315,10314,9647,9645,9646,9587,9400,9649,8970,9652,58528,58553,58198,56629,10256,8085,10199,54417,9957,9485,52798,9363,56619,10319
CP026231,7433,7432,56412,7275,56975,40683,7036,56985,56920,56983,56832,40960,333,7750,40911,333,7269,40683,56984,7966,56985,7398,56987,56975,56977,40583,56984,7404,10600,7202,10592,10085,7435,56975,7474,56936,7270,7716,7269,7252,8015,40562,8015,7529,56602,56980,56979,56973,56977,7405,7405,7405,7460,7406,7404,6355,56080,7028,6993,7346,54765,56908,7678,10575,7184,7969,7774,9655,54588,9691,40827,54813,9674,0,56974,40679,40808,10332,7033,7189,7187,8011,8010,7409,7407,7407,7358,7251,7411,7027,7414,58520,58541,58193,56875,7589,5926,7641,54634,7793,7158,53034,7633,56901,8016
CP026235,56787,56786,42,56804,183,55846,56948,38,32,38,7568,56057,57047,56907,55622,57049,56800,55846,37,56798,38,56622,50,181,46,55759,37,56870,56981,56756,56944,56720,56788,186,56959,41,56800,57015,56800,56800,57132,55727,57132,54756,7348,45,6727,6723,6727,56900,56900,56900,56656,56901,56899,56956,6287,56935,56668,56787,48262,6016,56241,56923,56630,57087,57002,56585,48166,56749,55802,48318,56706,56974,0,55847,55755,56215,56942,56888,56886,57131,57130,56909,56908,56881,56742,55674,56911,55163,56915,60319,60336,59950,6591,56980,48809,56916,48203,56990,56048,6181,57064,6374,57131
CP026238,40385,40384,55279,40531,55837,34,40570,55858,55781,55856,55771,9776,40727,40504,11885,40727,40525,34,55857,40392,55858,40292,55846,55835,55844,35,55857,40479,40462,40418,40439,40330,40387,55834,40478,55791,40525,40553,40525,40516,40710,76,40710,38858,55475,55847,55919,55914,55917,40510,40510,40510,40348,40511,40509,40632,55010,40561,40346,40457,52727,55820,40261,40349,40305,40679,40644,40217,52554,40322,9388,52794,40271,40679,55847,0,9386,39748,40565,40459,40457,40707,40706,40517,40515,40501,40377,39664,40517,39177,40522,66804,66831,66421,55790,40631,34872,40619,52680,40831,39963,51975,40717,55861,40710
CP026677,40520,40519,55207,40652,55744,9386,40691,55766,55695,55764,55713,9780,40851,40602,11492,40851,40646,9386,55765,40560,55766,40427,55754,55742,55752,9382,55765,40631,40510,40534,40490,40443,40522,55742,40621,55700,40646,40680,40646,40637,40821,9371,40821,38950,55459,55755,55865,55860,55863,40665,40665,40665,40499,40666,40664,40746,54954,40682,40467,40598,52395,55805,40352,40430,40418,40799,40776,40352,52233,40459,0,52478,40407,40808,55755,9386,0,39840,40686,40573,40571,40818,40817,40671,40670,40656,40531,39815,40672,39336,40677,66666,66693,66305,55719,40729,34864,40797,52362,40927,40064,51939,40779,55810,40821
CP027849,10026,10025,55665,9872,56211,39752,10074,56229,56161,56227,56067,40033,10328,10856,39926,10328,9866,39752,56228,10662,56228,9978,56227,56211,56222,39652,56228,9970,5611,9919,5604,7870,10028,56210,9957,56180,9867,10861,9866,9858,10742,39644,10742,9953,55833,56224,56229,56223,56227,9970,9970,9970,9957,9971,9969,9914,55299,10067,10036,9953,54065,56097,10313,95,9907,10798,10762,7617,53888,7627,39859,54095,7620,10332,56215,39748,39840,0,10073,9950,9948,10739,10737,9975,9973,9974,9922,9743,9977,9555,9980,57878,57904,57559,56130,10646,8492,10736,53952,10503,9866,52243,9946,56109,10741
CP036435,7425,7424,56379,7253,56940,40569,52,56957,56891,56955,56806,40834,7017,7505,40748,7017,7247,40569,56956,7582,56957,7362,56955,56940,56947,40468,56956,7197,10278,7327,10268,9798,7427,56940,6959,56902,7248,7395,7247,7229,7619,40457,7619,7432,56551,56950,56920,56914,56918,7198,7198,7198,7215,7199,7197,6906,56067,43,45,7346,54833,56862,7491,10257,7327,7769,7681,9518,54630,9542,40707,54858,9528,7033,56942,40565,40686,10073,0,7128,7126,7615,7614,7206,7204,7204,7153,7075,7207,6863,7211,58634,58659,58261,56865,7375,41,7430,54718,7592,7050,52976,7651,56889,7620
CP042478,6999,6998,56332,6849,56889,40463,7132,56903,56831,56901,56779,40698,7222,7463,40600,7222,6843,40463,56902,7471,56903,6935,56901,56889,56895,40364,56902,6604,10257,6938,10248,9844,7001,56889,7360,56849,6843,7481,6843,6822,7654,40334,7654,7314,56523,56898,56916,56910,56914,6603,6603,6603,6630,6604,6602,7219,56028,7123,7085,6907,54796,56821,7629,10128,6935,7532,7647,9529,54627,9546,40595,54799,9536,7189,56888,40459,40573,9950,7128,0,6,7651,7649,6611,6609,6609,6562,6455,6613,6840,6616,58636,58660,58319,56815,7404,6088,7590,54659,7773,811,53011,7558,56829,7655
CP042517,6997,6996,56330,6847,56887,40461,7130,56901,56829,56899,56777,40696,7220,7461,40598,7220,6841,40461,56900,7469,56901,6933,56899,56887,56893,40362,56900,6602,10255,6936,10246,9842,6999,56887,7358,56847,6841,7479,6841,6820,7652,40332,7652,7311,56521,56896,56914,56908,56912,6601,6601,6601,6628,6602,6600,7217,56026,7121,7083,6905,54794,56819,7627,10126,6933,7530,7645,9527,54625,9544,40593,54797,9534,7187,56886,40457,40571,9948,7126,6,0,7649,7647,6609,6607,6607,6560,6453,6611,6837,6614,58634,58658,58317,56813,7402,6086,7588,54657,7771,809,53009,7556,56827,7653
CP042524,7966,7966,56542,7782,57118,40711,7619,57144,57077,57142,57000,41050,8015,6680,40863,8015,7776,40711,57143,6889,57144,7922,57136,57118,57130,40612,57143,7992,10817,7837,10811,10578,7969,57118,7735,57086,7776,6681,7776,7769,39,40613,39,7775,56751,57133,57146,57140,57144,7993,7993,7993,8021,7994,7992,7924,56223,7610,7577,7883,54997,57057,8125,10901,7834,6704,6833,10297,54835,10324,40839,55031,10315,8011,57131,40707,40818,10739,7615,7651,7649,0,8,7999,7997,7999,7953,7807,8001,7392,8004,58763,58786,58408,57036,6640,6519,6422,54887,8290,7501,53207,8150,57062,80
CP042534,7964,7964,56541,7780,57117,40710,7618,57143,57076,57141,56999,41049,8014,6678,40862,8014,7774,40710,57142,6887,57143,7920,57135,57117,57129,40611,57142,7991,10815,7836,10809,10576,7967,57117,7734,57085,7774,6679,7774,7767,37,40612,37,7776,56752,57132,57145,57139,57143,7992,7992,7992,8020,7993,7991,7923,56224,7609,7576,7881,54995,57056,8123,10899,7833,6703,6831,10296,54833,10323,40838,55029,10314,8010,57130,40706,40817,10737,7614,7649,7647,8,0,7998,7996,7998,7952,7806,8000,7389,8003,58762,58785,58407,57035,6639,6518,6421,54885,8288,7499,53206,8149,57061,78
DB_3_C10,6591,6590,56306,6423,56910,40521,7211,56924,56851,56922,56791,40738,7387,7638,40673,7387,6417,40521,56923,7750,56924,6525,56922,56910,56916,40421,56923,83,10244,7139,10238,9805,6593,56910,7264,56871,6417,7756,6417,6398,8003,40394,8003,7240,56525,56919,56938,56932,56936,81,81,81,191,82,80,7262,56050,7202,7185,6512,54794,56817,7562,10135,7111,7886,7868,9629,54638,9660,40692,54832,9647,7409,56909,40517,40671,9975,7206,6611,6609,7999,7998,0,14,18,7,14,18,6995,11,58475,58499,58153,56803,7678,6185,7695,54690,7716,6645,53002,7622,56834,8008
DB_3_C11,6589,6588,56305,6421,56909,40519,7209,56923,56850,56921,56790,40736,7385,7636,40671,7385,6415,40519,56922,7748,56923,6523,56921,56909,56915,40419,56922,81,10242,7137,10236,9803,6591,56909,7262,56870,6415,7754,6415,6396,8001,40392,8001,7238,56524,56918,56937,56931,56935,79,79,79,189,80,78,7260,56048,7200,7183,6510,54793,56816,7560,10133,7109,7884,7866,9627,54637,9658,40691,54831,9645,7407,56908,40515,40670,9973,7204,6609,6607,7997,7996,14,0,8,15,4,8,6993,19,58474,58498,58152,56802,7676,6182,7693,54689,7714,6644,53002,7620,56833,8006
DB_3_C12,6592,6591,56278,6424,56882,40505,7209,56896,56823,56894,56764,40718,7385,7633,40654,7385,6418,40505,56895,7749,56896,6526,56894,56882,56888,40405,56895,84,10242,7134,10236,9803,6594,56882,7262,56843,6418,7751,6418,6399,8003,40378,8003,7235,56501,56891,56909,56903,56907,82,82,82,192,83,81,7260,56023,7200,7183,6513,54775,56790,7559,10134,7106,7883,7868,9628,54619,9659,40677,54813,9646,7407,56881,40501,40656,9974,7204,6609,6607,7999,7998,18,8,0,19,8,6,6990,23,58445,58469,58121,56775,7678,6181,7694,54671,7713,6644,52975,7621,56806,8008
DB_3_C9,6583,6582,56139,6415,56743,40381,7158,56757,56684,56755,56629,40593,7336,7588,40531,7336,6409,40381,56756,7703,56757,6517,56755,56743,56749,40281,56756,84,10192,7105,10186,9745,6585,56743,7253,56704,6409,7706,6409,6390,7957,40254,7957,7194,56361,56752,56774,56768,56772,82,82,82,192,83,81,7213,55882,7149,7132,6504,54628,56656,7518,10083,7077,7839,7841,9569,54472,9600,40552,54666,9587,7358,56742,40377,40531,9922,7153,6562,6560,7953,7952,7,15,19,0,15,19,6942,12,58305,58329,57984,56639,7630,6132,7646,54524,7672,6596,52840,7581,56676,7962
DB_3_D1,6428,6427,55071,6262,55674,39668,7078,55689,55615,55687,55572,39891,7231,7458,39832,7232,6256,39668,55688,7571,55689,6364,55687,55674,55681,39568,55688,80,9990,7005,9983,9572,6430,55673,7148,55636,6256,7577,6256,6237,7809,39541,7809,7043,55315,55684,55718,55712,55716,78,78,78,188,79,77,7122,54812,7069,7052,6351,53631,55589,7398,9903,6977,7714,7682,9382,53476,9414,39836,53681,9400,7251,55674,39664,39815,9743,7075,6455,6453,7807,7806,14,4,8,15,0,8,6863,18,57104,57128,56805,55557,7469,6049,7520,53539,7552,6489,51780,7411,55620,7816
DB_3_D2,6593,6592,56308,6425,56912,40521,7212,56926,56853,56924,56793,40738,7389,7640,40673,7389,6419,40521,56925,7752,56926,6527,56924,56912,56918,40421,56925,85,10244,7141,10238,9807,6595,56912,7266,56873,6419,7758,6419,6400,8005,40394,8005,7242,56527,56921,56940,56934,56938,83,83,83,192,84,82,7264,56051,7203,7186,6514,54796,56819,7564,10137,7113,7888,7870,9631,54640,9662,40693,54832,9649,7411,56911,40517,40672,9977,7207,6613,6611,8001,8000,18,8,6,19,8,0,6997,23,58479,58503,58157,56805,7680,6184,7697,54690,7718,6648,53005,7624,56836,8010
DB_3_F10,6490,6489,54569,6307,55164,39182,6868,55177,55112,55175,54993,39472,7031,7325,39400,7031,6301,39182,55176,7420,55177,6432,55176,55164,55167,39082,55176,6984,9687,6882,9680,9242,6492,55163,6977,55124,6302,7364,6301,6283,7395,39058,7395,6984,54770,55170,55171,55165,55169,6985,6985,6985,6995,6986,6984,7172,54294,6859,6828,6383,53109,55077,7223,9712,6869,7681,7497,8957,52953,8982,39358,53135,8970,7027,55163,39177,39336,9555,6863,6840,6837,7392,7389,6995,6993,6990,6942,6863,6997,0,7000,56940,56963,56614,55106,7241,5763,7437,52992,7349,6849,51254,7390,55090,7396
DB_5_F12,6596,6595,56312,6428,56916,40526,7216,56930,56857,56928,56797,40743,7392,7643,40678,7392,6422,40526,56929,7755,56930,6530,56928,56916,56922,40426,56929,88,10249,7144,10243,9810,6598,56916,7269,56877,6422,7761,6422,6403,8008,40399,8008,7244,56531,56925,56944,56938,56942,86,86,86,196,87,85,7267,56056,7207,7190,6517,54800,56823,7567,10140,7116,7891,7873,9634,54644,9665,40698,54838,9652,7414,56915,40522,40677,9980,7211,6616,6614,8004,8003,11,19,23,12,18,23,7000,0,58482,58506,58160,56809,7683,6190,7700,54696,7721,6649,53005,7627,56840,8013
GCF_014332835,58516,58516,59679,58505,60312,66808,58639,60332,60269,60332,60240,66882,58630,58519,66516,58630,58501,66808,60332,58446,60333,58283,60331,60311,60326,66703,60332,58437,58807,58581,58759,58494,58518,60308,58580,60263,58501,58587,58501,58496,58768,66674,58768,56559,60013,60325,60274,60270,60274,58476,58476,58476,58205,58477,58475,58519,59379,58632,58325,58510,62368,60368,57576,58643,58424,58617,58555,58304,62132,58511,66729,62422,58528,58520,60319,66804,66666,57878,58634,58636,58634,58763,58762,58475,58474,58445,58305,57104,58479,56940,58482,0,0,3429,60259,58611,50284,58589,62306,58313,57737,56223,58815,60267,58766
GCF_014332855,58541,58541,59696,58530,60329,66835,58664,60349,60286,60349,60259,66908,58651,58543,66541,58651,58526,66835,60349,58470,60350,58308,60348,60328,60343,66730,60349,58461,58830,58604,58782,58518,58543,60325,58603,60280,58526,58611,58526,58521,58791,66701,58791,56583,60032,60342,60295,60291,60295,58500,58500,58500,58229,58501,58499,58540,59398,58657,58350,58535,62391,60388,57598,58669,58448,58641,58578,58329,62155,58536,66756,62443,58553,58541,60336,66831,66693,57904,58659,58660,58658,58786,58785,58499,58498,58469,58329,57128,58503,56963,58506,0,0,3429,60277,58635,50309,58614,62327,58335,57762,56244,58836,60288,58789
GCF_014332945,58204,58204,59315,58185,59948,66425,58268,59965,59903,59965,59916,66473,58295,58189,66154,58295,58181,66425,59965,58115,59966,57969,59961,59947,59956,66321,59965,58116,58517,58245,58469,58147,58206,59945,58231,59892,58181,58271,58181,58169,58413,66281,58413,56230,59649,59955,59914,59910,59914,58152,58152,58152,57881,58153,58151,58190,59044,58259,57944,58187,62013,60012,57239,58314,58086,58265,58230,57972,61773,58181,66369,62074,58198,58193,59950,66421,66305,57559,58261,58319,58317,58408,58407,58153,58152,58121,57984,56805,58157,56614,58160,3429,3429,0,59896,58272,49944,58246,61958,57980,57408,55855,58460,59909,58412
JRHL01000001,56730,56729,6535,56738,6615,55789,56871,6601,6592,6601,7473,55991,56939,56820,55573,56941,56734,55789,6600,56711,6601,56547,6605,6613,6601,55703,6600,56768,56896,56634,56857,56672,56731,6618,56891,6589,56734,56933,56734,56722,57035,55670,57035,54678,7200,6600,6584,6580,6584,56795,56795,56795,56559,56796,56794,56865,6460,56858,56580,56719,48235,6533,56135,56851,56508,56995,56909,56504,48139,56673,55767,48272,56629,56875,6591,55790,55719,56130,56865,56815,56813,57036,57035,56803,56802,56775,56639,55557,56805,55106,56809,60259,60277,59896,0,56879,48746,56830,48153,56883,55974,6304,57010,6532,57038
JRST01,7575,7574,56401,7411,56967,40634,7379,56992,56925,56990,56833,40902,7572,6522,40738,7572,7405,40634,56991,6415,56992,7551,56983,56967,56977,40534,56991,7671,10972,7492,10964,10641,7577,56967,7427,56932,7405,6493,7405,7396,6644,40522,6644,7642,56593,56980,56965,56959,56963,7672,7672,7672,7693,7673,7671,7493,56069,7368,7329,7516,54758,56889,7895,10801,7471,6368,6352,10240,54575,10264,40747,54788,10256,7589,56980,40631,40729,10646,7375,7404,7402,6640,6639,7678,7676,7678,7630,7469,7680,7241,7683,58611,58635,58272,56879,0,6192,6103,54648,8058,7360,53042,7788,56915,6643
JYFY02000001,6120,6119,48242,6126,48811,34876,46,48817,48755,48815,48692,35009,5929,6386,34934,5929,6120,34876,48816,6537,48817,6138,48817,48811,48812,34775,48816,6180,8691,6192,8676,8372,6120,48810,5948,48766,6120,6374,6120,6104,6522,34762,6522,6264,48421,48815,48755,48750,48753,6176,6177,6177,6189,6180,6176,5867,47949,21,23,6106,46915,48768,6492,8709,6192,6638,6528,8073,46697,8099,34885,46956,8085,5926,48809,34872,34864,8492,41,6088,6086,6519,6518,6185,6182,6181,6132,6049,6184,5763,6190,50284,50309,49944,48746,6192,0,6292,46816,6592,6006,44826,6487,48745,6525
JYFZ02000001,7612,7611,56343,7442,56901,40623,7434,56930,56863,56928,56804,40980,7625,6658,40850,7625,7436,40623,56929,6715,56930,7571,56919,56901,56913,40522,56929,7690,11004,7590,10996,10553,7614,56898,7525,56864,7436,6618,7436,7428,6426,40521,6426,7744,56529,56916,56911,56905,56909,7689,7689,7689,7703,7690,7688,7637,56058,7423,7381,7550,54893,56833,8058,10914,7588,6743,6424,10182,54729,10203,40817,54917,10199,7641,56916,40619,40797,10736,7430,7590,7588,6422,6421,7695,7693,7694,7646,7520,7697,7437,7700,58589,58614,58246,56830,6103,6292,0,54777,8177,7485,52975,7706,56846,6425
LR699006,54519,54518,47685,54520,48206,52681,54723,48212,48145,48211,48094,52688,54713,54584,52340,54713,54514,52681,48212,54414,48213,54384,48215,48204,48210,52594,48212,54667,54762,54556,54727,54568,54520,48203,54704,48168,54514,54688,54514,54503,54886,52565,54886,52571,47895,48213,48239,48233,48237,54684,54684,54684,54422,54687,54683,54649,47569,54713,54435,54523,5100,48196,54087,54654,54393,54732,54799,54301,5197,54461,52407,0,54417,54634,48203,52680,52362,53952,54718,54659,54657,54887,54885,54690,54689,54671,54524,53539,54690,52992,54696,62306,62327,61958,48153,54648,46816,54777,0,54788,53853,44837,54808,48195,54884
LRPR01,7973,7972,56408,7841,56986,40835,7596,57004,56938,57002,56839,41141,7813,8227,40977,7813,7835,40835,57003,8142,57004,7927,57004,56986,56996,40735,57003,7711,10552,7730,10545,10295,7975,56986,7812,56951,7836,8193,7835,7817,8293,40714,8293,7707,56581,56999,57002,56996,57000,7711,7711,7711,7757,7712,7710,7359,56092,7587,7565,7898,54908,56863,18,10667,7707,8168,8204,9946,54655,9973,40949,54929,9957,7793,56990,40831,40927,10503,7592,7773,7771,8290,8288,7716,7714,7713,7672,7552,7718,7349,7721,58313,58335,57980,56883,8058,6592,8177,54788,0,7724,53077,7979,56904,8294
NZ_LR890181,6968,6967,55495,6820,56050,39967,7053,56062,55990,56062,55926,40211,7199,7392,40107,7199,6814,39967,56061,7441,56062,6902,56062,56050,56056,39868,56061,6640,10159,6921,10151,9814,6970,56050,7248,56008,6814,7393,6814,6793,7503,39835,7503,7183,55666,56057,56075,56071,56075,6641,6641,6641,6663,6642,6640,7067,55174,7045,7008,6876,53994,55976,7581,10061,6918,7441,7599,9477,53833,9492,40086,53991,9485,7158,56048,39963,40064,9866,7050,811,809,7501,7499,6645,6644,6644,6596,6489,6648,6849,6649,57737,57762,57408,55974,7360,6006,7485,53853,7724,0,52167,7486,55993,7505
SD_5_A12,52884,52883,6103,52893,6198,51974,52981,6193,6179,6193,7152,52211,53106,52990,51737,53108,52889,51974,6192,52841,6193,52700,6181,6196,6176,51889,6192,52965,53005,52862,52962,52843,52885,6201,53058,6167,52890,53109,52889,52878,53209,51859,53209,50857,6942,6178,6210,6206,6210,52995,52994,52995,52747,52995,52994,53054,6220,52970,52701,52872,44906,5364,52309,52954,52730,53147,53075,52673,44812,52844,51987,44951,52798,53034,6181,51975,51939,52243,52976,53011,53009,53207,53206,53002,53002,52975,52840,51780,53005,51254,53005,56223,56244,55855,6304,53042,44826,52975,44837,53077,52167,0,53212,6124,53206
SD_5_D4,8008,8007,56506,7829,57063,40721,7655,57079,57015,57077,56963,40931,7610,8031,40857,7610,7823,40721,57078,8073,57079,7926,57077,57063,57071,40620,57078,7616,10002,7550,9993,9664,8010,57063,7505,57025,7824,8078,7823,7805,8154,40591,8154,7411,56700,57074,57136,57130,57134,7617,7617,7617,7609,7618,7616,7550,56211,7644,7623,7929,54911,57003,7824,10118,7523,8010,7981,9355,54741,9373,40800,54950,9363,7633,57064,40717,40779,9946,7651,7558,7556,8150,8149,7622,7620,7621,7581,7411,7624,7390,7627,58815,58836,58460,57010,7788,6487,7706,54808,7979,7486,53212,0,57027,8155
SD_9_B7,56728,56727,6293,56741,6350,55860,56895,6387,6377,6387,7624,56070,56975,56855,55661,56977,56737,55860,6386,56718,6387,56548,6374,6348,6374,55774,6386,56799,56858,56698,56821,56644,56729,6353,56898,6363,56737,56977,56737,56724,57065,55745,57065,54688,7248,6373,6421,6417,6421,56827,56827,56827,56598,56828,56826,56871,6297,56884,56619,56724,48231,6344,56155,56806,56566,57010,56902,56495,48158,56659,55857,48309,56619,56901,6374,55861,55810,56109,56889,56829,56827,57062,57061,56834,56833,56806,56676,55620,56836,55090,56840,60267,60288,59909,6532,56915,48745,56846,48195,56904,55993,6124,57027,0,57064
SD_9_C7,7970,7970,56542,7786,57118,40714,7624,57144,57077,57142,57001,41053,8020,6684,40866,8020,7780,40714,57143,6892,57144,7925,57136,57118,57130,40615,57143,8001,10819,7842,10813,10580,7973,57118,7738,57086,7780,6685,7780,7773,83,40616,83,7780,56755,57133,57148,57142,57146,8002,8002,8002,8030,8003,8001,7929,56226,7615,7582,7887,54994,57056,8128,10903,7839,6708,6837,10301,54834,10328,40842,55028,10319,8016,57131,40710,40821,10741,7620,7655,7653,80,78,8008,8006,8008,7962,7816,8010,7396,8013,58766,58789,58412,57038,6643,6525,6425,54884,8294,7505,53206,8155,57064,0
